Workbook

Sheet Report
A2: CIT 140 · Week 7 · Data-Quality Report | B2: CIT 140 · Week 7 · Data-Quality Report | C2: CIT 140 · Week 7 · Data-Quality Report | D2: CIT 140 · Week 7 · Data-Quality Report | E2: CIT 140 · Week 7 · Data-Quality Report | F2: CIT 140 · Week 7 · Data-Quality Report | G2: CIT 140 · Week 7 · Data-Quality Report
A3: Meridian Forge · fictional inspection export v1 | B3: Meridian Forge · fictional inspection export v1 | C3: Meridian Forge · fictional inspection export v1 | D3: Meridian Forge · fictional inspection export v1 | E3: Meridian Forge · fictional inspection export v1 | F3: Meridian Forge · fictional inspection export v1 | G3: Meridian Forge · fictional inspection export v1
A4: Learner name / date | B4: Learner name / date | C4: Andy Castillo 10/28/2026 | D4: [Enter your name and date] | E4: [Enter your name and date] | F4: [Enter your name and date] | G4: [Enter your name and date]
A5: Import status | B5: Import status | C5: =IF(COUNTA(#REF!)=20,"20 rows loaded","Load all 20 rows first") -> Load all 20 rows first
A6: Amber cells: your responses. Other results calculate from Prepared and Audit. | B6: Amber cells: your responses. Other results calculate from Prepared and Audit. | C6: Amber cells: your responses. Other results calculate from Prepared and Audit. | D6: Amber cells: your responses. Other results calculate from Prepared and Audit. | E6: Amber cells: your responses. Other results calculate from Prepared and Audit. | F6: Amber cells: your responses. Other results calculate from Prepared and Audit. | G6: Amber cells: your responses. Other results calculate from Prepared and Audit.
A8: Rule | B8: Check | C8: Rows flagged | D8: Share of all rows | E8: Affected Row_IDs | F8: Affected Row_IDs | G8: Affected Row_IDs
A9: Q01 | B9: Machine ID is required | C9: =COUNTIF(Audit!G2:G21,"FLAG") -> 2 | D9: =IF(C9="","",C9/20) -> 0.1 | E9: R03, R14 | F9: [Enter Row_IDs] | G9: [Enter Row_IDs]
A10: Q02 | B10: Work order is unique | C10: =COUNTIF(Audit!H2:H21,"FLAG") -> 2 | D10: =IF(C10="","",C10/20) -> 0.1 | E10: R05, R06 | F10: [Enter Row_IDs] | G10: [Enter Row_IDs]
A11: Q03 | B11: Status uses the agreed list | C11: =COUNTIF(Audit!I2:I21,"FLAG") -> 2 | D11: =IF(C11="","",C11/20) -> 0.1 | E11: R08, R16 | F11: [Enter Row_IDs] | G11: [Enter Row_IDs]
A12: Q04 | B12: Duration is in range | C12: =COUNTIF(Audit!J2:J21,"FLAG") -> 3 | D12: =IF(C12="","",C12/20) -> 0.15 | E12: R10, R18, R20 | F12: [Enter Row_IDs] | G12: [Enter Row_IDs]
A13: Q05 | B13: READY identifies an inspector | C13: =COUNTIF(Audit!K2:K21,"FLAG") -> 3 | D13: =IF(C13="","",C13/20) -> 0.15 | E13: R03, R07, R12 | F13: [Enter Row_IDs] | G13: [Enter Row_IDs]
A15: Distinct rows with any issue | B15: Distinct rows with any issue | C15: =COUNTIF(Audit!L2:L21,"FLAG") -> 11 | D15: =IF(C15="","",C15/20) -> 0.55 | E15: Count each row once, even when several Q-rules flag it. Do not add the five counts. | F15: Count each row once, even when several Q-rules flag it. Do not add the five counts. | G15: Count each row once, even when several Q-rules flag it. Do not add the five counts.
E16: Count each row once, even when several Q-rules flag it. Do not add the five counts. | F16: Count each row once, even when several Q-rules flag it. Do not add the five counts. | G16: Count each row once, even when several Q-rules flag it. Do not add the five counts.
A18: Scope: all 20 supplied records. Q02 flags every row in a repeated Work_Order_ID group; extra duplicate copies are a different measure. Unresolved fields remain flagged, not guessed. | B18: Scope: all 20 supplied records. Q02 flags every row in a repeated Work_Order_ID group; extra duplicate copies are a different measure. Unresolved fields remain flagged, not guessed. | C18: Scope: all 20 supplied records. Q02 flags every row in a repeated Work_Order_ID group; extra duplicate copies are a different measure. Unresolved fields remain flagged, not guessed. | D18: Scope: all 20 supplied records. Q02 flags every row in a repeated Work_Order_ID group; extra duplicate copies are a different measure. Unresolved fields remain flagged, not guessed. | E18: Scope: all 20 supplied records. Q02 flags every row in a repeated Work_Order_ID group; extra duplicate copies are a different measure. Unresolved fields remain flagged, not guessed. | F18: Scope: all 20 supplied records. Q02 flags every row in a repeated Work_Order_ID group; extra duplicate copies are a different measure. Unresolved fields remain flagged, not guessed. | G18: Scope: all 20 supplied records. Q02 flags every row in a repeated Work_Order_ID group; extra duplicate copies are a different measure. Unresolved fields remain flagged, not guessed.
A19: Scope: all 20 supplied records. Q02 flags every row in a repeated Work_Order_ID group; extra duplicate copies are a different measure. Unresolved fields remain flagged, not guessed. | B19: Scope: all 20 supplied records. Q02 flags every row in a repeated Work_Order_ID group; extra duplicate copies are a different measure. Unresolved fields remain flagged, not guessed. | C19: Scope: all 20 supplied records. Q02 flags every row in a repeated Work_Order_ID group; extra duplicate copies are a different measure. Unresolved fields remain flagged, not guessed. | D19: Scope: all 20 supplied records. Q02 flags every row in a repeated Work_Order_ID group; extra duplicate copies are a different measure. Unresolved fields remain flagged, not guessed. | E19: Scope: all 20 supplied records. Q02 flags every row in a repeated Work_Order_ID group; extra duplicate copies are a different measure. Unresolved fields remain flagged, not guessed. | F19: Scope: all 20 supplied records. Q02 flags every row in a repeated Work_Order_ID group; extra duplicate copies are a different measure. Unresolved fields remain flagged, not guessed. | G19: Scope: all 20 supplied records. Q02 flags every row in a repeated Work_Order_ID group; extra duplicate copies are a different measure. Unresolved fields remain flagged, not guessed.
A21: Source: authored CIT140 case W07-S01 (Raw) and W07-S02 (rules). Report a data-quality finding, not a machine safety clearance. Explain your evidence and next action on page 2. | B21: Source: authored CIT140 case W07-S01 (Raw) and W07-S02 (rules). Report a data-quality finding, not a machine safety clearance. Explain your evidence and next action on page 2. | C21: Source: authored CIT140 case W07-S01 (Raw) and W07-S02 (rules). Report a data-quality finding, not a machine safety clearance. Explain your evidence and next action on page 2. | D21: Source: authored CIT140 case W07-S01 (Raw) and W07-S02 (rules). Report a data-quality finding, not a machine safety clearance. Explain your evidence and next action on page 2. | E21: Source: authored CIT140 case W07-S01 (Raw) and W07-S02 (rules). Report a data-quality finding, not a machine safety clearance. Explain your evidence and next action on page 2. | F21: Source: authored CIT140 case W07-S01 (Raw) and W07-S02 (rules). Report a data-quality finding, not a machine safety clearance. Explain your evidence and next action on page 2. | G21: Source: authored CIT140 case W07-S01 (Raw) and W07-S02 (rules). Report a data-quality finding, not a machine safety clearance. Explain your evidence and next action on page 2.
A22: Source: authored CIT140 case W07-S01 (Raw) and W07-S02 (rules). Report a data-quality finding, not a machine safety clearance. Explain your evidence and next action on page 2. | B22: Source: authored CIT140 case W07-S01 (Raw) and W07-S02 (rules). Report a data-quality finding, not a machine safety clearance. Explain your evidence and next action on page 2. | C22: Source: authored CIT140 case W07-S01 (Raw) and W07-S02 (rules). Report a data-quality finding, not a machine safety clearance. Explain your evidence and next action on page 2. | D22: Source: authored CIT140 case W07-S01 (Raw) and W07-S02 (rules). Report a data-quality finding, not a machine safety clearance. Explain your evidence and next action on page 2. | E22: Source: authored CIT140 case W07-S01 (Raw) and W07-S02 (rules). Report a data-quality finding, not a machine safety clearance. Explain your evidence and next action on page 2. | F22: Source: authored CIT140 case W07-S01 (Raw) and W07-S02 (rules). Report a data-quality finding, not a machine safety clearance. Explain your evidence and next action on page 2. | G22: Source: authored CIT140 case W07-S01 (Raw) and W07-S02 (rules). Report a data-quality finding, not a machine safety clearance. Explain your evidence and next action on page 2.
A23: Source: authored CIT140 case W07-S01 (Raw) and W07-S02 (rules). Report a data-quality finding, not a machine safety clearance. Explain your evidence and next action on page 2. | B23: Source: authored CIT140 case W07-S01 (Raw) and W07-S02 (rules). Report a data-quality finding, not a machine safety clearance. Explain your evidence and next action on page 2. | C23: Source: authored CIT140 case W07-S01 (Raw) and W07-S02 (rules). Report a data-quality finding, not a machine safety clearance. Explain your evidence and next action on page 2. | D23: Source: authored CIT140 case W07-S01 (Raw) and W07-S02 (rules). Report a data-quality finding, not a machine safety clearance. Explain your evidence and next action on page 2. | E23: Source: authored CIT140 case W07-S01 (Raw) and W07-S02 (rules). Report a data-quality finding, not a machine safety clearance. Explain your evidence and next action on page 2. | F23: Source: authored CIT140 case W07-S01 (Raw) and W07-S02 (rules). Report a data-quality finding, not a machine safety clearance. Explain your evidence and next action on page 2. | G23: Source: authored CIT140 case W07-S01 (Raw) and W07-S02 (rules). Report a data-quality finding, not a machine safety clearance. Explain your evidence and next action on page 2.
A26: Week 7 · Explanation and refresh evidence | B26: Week 7 · Explanation and refresh evidence | C26: Week 7 · Explanation and refresh evidence | D26: Week 7 · Explanation and refresh evidence | E26: Week 7 · Explanation and refresh evidence | F26: Week 7 · Explanation and refresh evidence | G26: Week 7 · Explanation and refresh evidence
A28: Finding: Row_ID, Q-number, actual value, source and effect | B28: Finding: Row_ID, Q-number, actual value, source and effect | C28: Finding: Row_ID, Q-number, actual value, source and effect | D28: Finding: Row_ID, Q-number, actual value, source and effect | E28: Finding: Row_ID, Q-number, actual value, source and effect | F28: Finding: Row_ID, Q-number, actual value, source and effect | G28: Finding: Row_ID, Q-number, actual value, source and effect
A29: R03 and R14 are missing Machine_IDs. R05 and R06 have the same work order number and R08 also has a spelling mistake in its status being RDEAY. These problems can make the records confusing because there are mistakes and missing data. | B29: [Write a short, specific response in your own words.] | C29: [Write a short, specific response in your own words.] | D29: [Write a short, specific response in your own words.] | E29: [Write a short, specific response in your own words.] | F29: [Write a short, specific response in your own words.] | G29: [Write a short, specific response in your own words.]
A30: [Write a short, specific response in your own words.] | B30: [Write a short, specific response in your own words.] | C30: [Write a short, specific response in your own words.] | D30: [Write a short, specific response in your own words.] | E30: [Write a short, specific response in your own words.] | F30: [Write a short, specific response in your own words.] | G30: [Write a short, specific response in your own words.]
A31: [Write a short, specific response in your own words.] | B31: [Write a short, specific response in your own words.] | C31: [Write a short, specific response in your own words.] | D31: [Write a short, specific response in your own words.] | E31: [Write a short, specific response in your own words.] | F31: [Write a short, specific response in your own words.] | G31: [Write a short, specific response in your own words.]
A32: Next action: what to verify, who owns it, and how to retest | B32: Next action: what to verify, who owns it, and how to retest | C32: Next action: what to verify, who owns it, and how to retest | D32: Next action: what to verify, who owns it, and how to retest | E32: Next action: what to verify, who owns it, and how to retest | F32: Next action: what to verify, who owns it, and how to retest | G32: Next action: what to verify, who owns it, and how to retest
A33: Since the staff own it they should check the original records to find the correct information. Once they fix it I would simply refresh the data to see if the errors are still there or if any other problems happen. | B33: [Write a short, specific response in your own words.] | C33: [Write a short, specific response in your own words.] | D33: [Write a short, specific response in your own words.] | E33: [Write a short, specific response in your own words.] | F33: [Write a short, specific response in your own words.] | G33: [Write a short, specific response in your own words.]
... A49: Export only Report: two landscape pages, page break before row 26. Review both pages. | B49: Export only Report: two landscape pages, page break before row 26. Review both pages. | C49: Export only Report: two landscape pages, page break before row 26. Review both pages. | D49: Export only Report: two landscape pages, page break before row 26. Review both pages. | E49: Export only Report: two landscape pages, page break before row 26. Review both pages. | F49: Export only Report: two landscape pages, page break before row 26. Review both pages. | G49: Export only Report: two landscape pages, page break before row 26. Review both pages.

Sheet Prepared
A1: Row_ID | B1: Machine_ID | C1: Work_Order_ID | D1: Status | E1: Inspection_Minutes | F1: Inspector_ID
A2: R01 | B2: MF-01 | C2: WO-1001 | D2: READY | E2: 20 | F2: IN-1
A3: R02 | B3: MF-02 | C3: WO-1002 | D3: HOLD | E3: 11 | F3: IN-2
A4: R03 | C4: WO-1003 | D4: READY | E4: 12
A5: R04 | B5: MF-04 | C5: WO-1004 | D5: READY | E5: 13 | F5: IN-4
A6: R05 | B6: MF-05 | C6: WO-1005 | D6: HOLD | E6: 14 | F6: IN-1
A7: R06 | B7: MF-06 | C7: WO-1005 | D7: REVIEW | E7: 15 | F7: IN-2
A8: R07 | B8: MF-07 | C8: WO-1007 | D8: READY | E8: 16
A9: R08 | B9: MF-08 | C9: WO-1008 | D9: RDEAY | E9: 17 | F9: IN-4
A10: R09 | B10: MF-09 | C10: WO-1009 | D10: REVIEW | E10: 18 | F10: IN-1
A11: R10 | B11: MF-10 | C11: WO-1010 | D11: READY | E11: 0 | F11: IN-2
A12: R11 | B12: MF-11 | C12: WO-1011 | D12: HOLD | E12: 20 | F12: IN-3
A13: R12 | B13: MF-12 | C13: WO-1012 | D13: READY | E13: 21
A14: R13 | B14: MF-13 | C14: WO-1013 | D14: READY | E14: 22 | F14: IN-1
A15: R14 | C15: WO-1014 | D15: HOLD | E15: 23 | F15: IN-2
A16: R15 | B16: MF-15 | C16: WO-1015 | D16: REVIEW | E16: 24 | F16: IN-3
A17: R16 | B17: MF-16 | C17: WO-1016 | D17: DONE | E17: 25 | F17: IN-4
A18: R17 | B18: MF-17 | C18: WO-1017 | D18: HOLD | E18: 26
A19: R18 | B19: MF-18 | C19: WO-1018 | D19: REVIEW | E19: 75 | F19: IN-2
A20: R19 | B20: MF-19 | C20: WO-1019 | D20: READY | E20: 28 | F20: IN-3
A21: R20 | B21: MF-20 | C21: WO-1020 | D21: HOLD | F21: IN-4

Sheet Raw
A1: Row_ID | B1: Machine_ID | C1: Work_Order_ID | D1: Status | E1: Inspection_Minutes | F1: Inspector_ID
A2: R01 | B2: MF-01 | C2: WO-1001 | D2: READY | E2: 20 | F2: IN-1
A3: R02 | B3: MF-02 | C3: WO-1002 | D3: HOLD | E3: 11 | F3: IN-2
A4: R03 | C4: WO-1003 | D4: READY | E4: 12
A5: R04 | B5: MF-04 | C5: WO-1004 | D5: ready | E5: 13 | F5: IN-4
A6: R05 | B6: MF-05 | C6: WO-1005 | D6: HOLD | E6: 14 | F6: IN-1
A7: R06 | B7: MF-06 | C7: WO-1005 | D7: REVIEW | E7: 15 | F7: IN-2
A8: R07 | B8: MF-07 | C8: WO-1007 | D8: READY | E8: 16
A9: R08 | B9: MF-08 | C9: WO-1008 | D9: RDEAY | E9: 17 | F9: IN-4
A10: R09 | B10: MF-09 | C10: WO-1009 | D10: REVIEW | E10: 18 | F10: IN-1
A11: R10 | B11: MF-10 | C11: WO-1010 | D11: READY | E11: 0 | F11: IN-2
A12: R11 | B12: MF-11 | C12: WO-1011 | D12: hold | E12: 20 | F12: IN-3
A13: R12 | B13: MF-12 | C13: WO-1012 | D13: READY | E13: 21
A14: R13 | B14: MF-13 | C14: WO-1013 | D14: READY | E14: 22 | F14: IN-1
A15: R14 | C15: WO-1014 | D15: HOLD | E15: 23 | F15: IN-2
A16: R15 | B16: MF-15 | C16: WO-1015 | D16: REVIEW | E16: 24 | F16: IN-3
A17: R16 | B17: MF-16 | C17: WO-1016 | D17: DONE | E17: 25 | F17: IN-4
A18: R17 | B18: MF-17 | C18: WO-1017 | D18: HOLD | E18: 26
A19: R18 | B19: MF-18 | C19: WO-1018 | D19: REVIEW | E19: 75 | F19: IN-2
A20: R19 | B20: MF-19 | C20: WO-1019 | D20: READY | E20: 28 | F20: IN-3
A21: R20 | B21: MF-20 | C21: WO-1020 | D21: HOLD | F21: IN-4

Sheet Audit
A1: Row_ID | B1: Machine_ID | C1: Work_Order_ID | D1: Status | E1: Inspection_Minutes | F1: Inspector_ID | G1: Q01 | H1: Q02 | I1: Q03 | J1: Q04 | K1: Q05 | L1: Any_issue
A2: =IF(Prepared!A2="","",Prepared!A2) -> R01 | B2: =IF(Prepared!B2="","",Prepared!B2) -> MF-01 | C2: =IF(Prepared!C2="","",Prepared!C2) -> WO-1001 | D2: =IF(Prepared!D2="","",Prepared!D2) -> READY | E2: =IF(Prepared!E2="","",Prepared!E2) -> 20 | F2: =IF(Prepared!F2="","",Prepared!F2) -> IN-1 | G2: =IF(B2="","FLAG","") | H2: =IF(C2="","",IF(COUNTIF($C$2:$C$21,C2)>1,"FLAG","")) | I2: =IF(D2="","FLAG",IF(OR(D2="READY",D2="HOLD",D2="REVIEW"),"","FLAG")) | J2: =IF(OR(E2="",NOT(ISNUMBER(E2)),E2<1,E2>60),"FLAG","") | K2: =IF(AND(D2="READY",F2=""),"FLAG","") | L2: =IF(COUNTIF(G2:K2,"FLAG")>0,"FLAG","OK") -> OK
A3: =IF(Prepared!A3="","",Prepared!A3) -> R02 | B3: =IF(Prepared!B3="","",Prepared!B3) -> MF-02 | C3: =IF(Prepared!C3="","",Prepared!C3) -> WO-1002 | D3: =IF(Prepared!D3="","",Prepared!D3) -> HOLD | E3: =IF(Prepared!E3="","",Prepared!E3) -> 11 | F3: =IF(Prepared!F3="","",Prepared!F3) -> IN-2 | G3: =IF(B3="","FLAG","") | H3: =IF(C3="","",IF(COUNTIF($C$2:$C$21,C3)>1,"FLAG","")) | I3: =IF(D3="","FLAG",IF(OR(D3="READY",D3="HOLD",D3="REVIEW"),"","FLAG")) | J3: =IF(OR(E3="",NOT(ISNUMBER(E3)),E3<1,E3>60),"FLAG","") | K3: =IF(AND(D3="READY",F3=""),"FLAG","") | L3: =IF(COUNTIF(G3:K3,"FLAG")>0,"FLAG","OK") -> OK
A4: =IF(Prepared!A4="","",Prepared!A4) -> R03 | B4: =IF(Prepared!B4="","",Prepared!B4) | C4: =IF(Prepared!C4="","",Prepared!C4) -> WO-1003 | D4: =IF(Prepared!D4="","",Prepared!D4) -> READY | E4: =IF(Prepared!E4="","",Prepared!E4) -> 12 | F4: =IF(Prepared!F4="","",Prepared!F4) | G4: =IF(B4="","FLAG","") -> FLAG | H4: =IF(C4="","",IF(COUNTIF($C$2:$C$21,C4)>1,"FLAG","")) | I4: =IF(D4="","FLAG",IF(OR(D4="READY",D4="HOLD",D4="REVIEW"),"","FLAG")) | J4: =IF(OR(E4="",NOT(ISNUMBER(E4)),E4<1,E4>60),"FLAG","") | K4: =IF(AND(D4="READY",F4=""),"FLAG","") -> FLAG | L4: =IF(COUNTIF(G4:K4,"FLAG")>0,"FLAG","OK") -> FLAG
A5: =IF(Prepared!A5="","",Prepared!A5) -> R04 | B5: =IF(Prepared!B5="","",Prepared!B5) -> MF-04 | C5: =IF(Prepared!C5="","",Prepared!C5) -> WO-1004 | D5: =IF(Prepared!D5="","",Prepared!D5) -> READY | E5: =IF(Prepared!E5="","",Prepared!E5) -> 13 | F5: =IF(Prepared!F5="","",Prepared!F5) -> IN-4 | G5: =IF(B5="","FLAG","") | H5: =IF(C5="","",IF(COUNTIF($C$2:$C$21,C5)>1,"FLAG","")) | I5: =IF(D5="","FLAG",IF(OR(D5="READY",D5="HOLD",D5="REVIEW"),"","FLAG")) | J5: =IF(OR(E5="",NOT(ISNUMBER(E5)),E5<1,E5>60),"FLAG","") | K5: =IF(AND(D5="READY",F5=""),"FLAG","") | L5: =IF(COUNTIF(G5:K5,"FLAG")>0,"FLAG","OK") -> OK
A6: =IF(Prepared!A6="","",Prepared!A6) -> R05 | B6: =IF(Prepared!B6="","",Prepared!B6) -> MF-05 | C6: =IF(Prepared!C6="","",Prepared!C6) -> WO-1005 | D6: =IF(Prepared!D6="","",Prepared!D6) -> HOLD | E6: =IF(Prepared!E6="","",Prepared!E6) -> 14 | F6: =IF(Prepared!F6="","",Prepared!F6) -> IN-1 | G6: =IF(B6="","FLAG","") | H6: =IF(C6="","",IF(COUNTIF($C$2:$C$21,C6)>1,"FLAG","")) -> FLAG | I6: =IF(D6="","FLAG",IF(OR(D6="READY",D6="HOLD",D6="REVIEW"),"","FLAG")) | J6: =IF(OR(E6="",NOT(ISNUMBER(E6)),E6<1,E6>60),"FLAG","") | K6: =IF(AND(D6="READY",F6=""),"FLAG","") | L6: =IF(COUNTIF(G6:K6,"FLAG")>0,"FLAG","OK") -> FLAG
A7: =IF(Prepared!A7="","",Prepared!A7) -> R06 | B7: =IF(Prepared!B7="","",Prepared!B7) -> MF-06 | C7: =IF(Prepared!C7="","",Prepared!C7) -> WO-1005 | D7: =IF(Prepared!D7="","",Prepared!D7) -> REVIEW | E7: =IF(Prepared!E7="","",Prepared!E7) -> 15 | F7: =IF(Prepared!F7="","",Prepared!F7) -> IN-2 | G7: =IF(B7="","FLAG","") | H7: =IF(C7="","",IF(COUNTIF($C$2:$C$21,C7)>1,"FLAG","")) -> FLAG | I7: =IF(D7="","FLAG",IF(OR(D7="READY",D7="HOLD",D7="REVIEW"),"","FLAG")) | J7: =IF(OR(E7="",NOT(ISNUMBER(E7)),E7<1,E7>60),"FLAG","") | K7: =IF(AND(D7="READY",F7=""),"FLAG","") | L7: =IF(COUNTIF(G7:K7,"FLAG")>0,"FLAG","OK") -> FLAG
A8: =IF(Prepared!A8="","",Prepared!A8) -> R07 | B8: =IF(Prepared!B8="","",Prepared!B8) -> MF-07 | C8: =IF(Prepared!C8="","",Prepared!C8) -> WO-1007 | D8: =IF(Prepared!D8="","",Prepared!D8) -> READY | E8: =IF(Prepared!E8="","",Prepared!E8) -> 16 | F8: =IF(Prepared!F8="","",Prepared!F8) | G8: =IF(B8="","FLAG","") | H8: =IF(C8="","",IF(COUNTIF($C$2:$C$21,C8)>1,"FLAG","")) | I8: =IF(D8="","FLAG",IF(OR(D8="READY",D8="HOLD",D8="REVIEW"),"","FLAG")) | J8: =IF(OR(E8="",NOT(ISNUMBER(E8)),E8<1,E8>60),"FLAG","") | K8: =IF(AND(D8="READY",F8=""),"FLAG","") -> FLAG | L8: =IF(COUNTIF(G8:K8,"FLAG")>0,"FLAG","OK") -> FLAG
A9: =IF(Prepared!A9="","",Prepared!A9) -> R08 | B9: =IF(Prepared!B9="","",Prepared!B9) -> MF-08 | C9: =IF(Prepared!C9="","",Prepared!C9) -> WO-1008 | D9: =IF(Prepared!D9="","",Prepared!D9) -> RDEAY | E9: =IF(Prepared!E9="","",Prepared!E9) -> 17 | F9: =IF(Prepared!F9="","",Prepared!F9) -> IN-4 | G9: =IF(B9="","FLAG","") | H9: =IF(C9="","",IF(COUNTIF($C$2:$C$21,C9)>1,"FLAG","")) | I9: =IF(D9="","FLAG",IF(OR(D9="READY",D9="HOLD",D9="REVIEW"),"","FLAG")) -> FLAG | J9: =IF(OR(E9="",NOT(ISNUMBER(E9)),E9<1,E9>60),"FLAG","") | K9: =IF(AND(D9="READY",F9=""),"FLAG","") | L9: =IF(COUNTIF(G9:K9,"FLAG")>0,"FLAG","OK") -> FLAG
A10: =IF(Prepared!A10="","",Prepared!A10) -> R09 | B10: =IF(Prepared!B10="","",Prepared!B10) -> MF-09 | C10: =IF(Prepared!C10="","",Prepared!C10) -> WO-1009 | D10: =IF(Prepared!D10="","",Prepared!D10) -> REVIEW | E10: =IF(Prepared!E10="","",Prepared!E10) -> 18 | F10: =IF(Prepared!F10="","",Prepared!F10) -> IN-1 | G10: =IF(B10="","FLAG","") | H10: =IF(C10="","",IF(COUNTIF($C$2:$C$21,C10)>1,"FLAG","")) | I10: =IF(D10="","FLAG",IF(OR(D10="READY",D10="HOLD",D10="REVIEW"),"","FLAG")) | J10: =IF(OR(E10="",NOT(ISNUMBER(E10)),E10<1,E10>60),"FLAG","") | K10: =IF(AND(D10="READY",F10=""),"FLAG","") | L10: =IF(COUNTIF(G10:K10,"FLAG")>0,"FLAG","OK") -> OK
A11: =IF(Prepared!A11="","",Prepared!A11) -> R10 | B11: =IF(Prepared!B11="","",Prepared!B11) -> MF-10 | C11: =IF(Prepared!C11="","",Prepared!C11) -> WO-1010 | D11: =IF(Prepared!D11="","",Prepared!D11) -> READY | E11: =IF(Prepared!E11="","",Prepared!E11) -> 0 | F11: =IF(Prepared!F11="","",Prepared!F11) -> IN-2 | G11: =IF(B11="","FLAG","") | H11: =IF(C11="","",IF(COUNTIF($C$2:$C$21,C11)>1,"FLAG","")) | I11: =IF(D11="","FLAG",IF(OR(D11="READY",D11="HOLD",D11="REVIEW"),"","FLAG")) | J11: =IF(OR(E11="",NOT(ISNUMBER(E11)),E11<1,E11>60),"FLAG","") -> FLAG | K11: =IF(AND(D11="READY",F11=""),"FLAG","") | L11: =IF(COUNTIF(G11:K11,"FLAG")>0,"FLAG","OK") -> FLAG
A12: =IF(Prepared!A12="","",Prepared!A12) -> R11 | B12: =IF(Prepared!B12="","",Prepared!B12) -> MF-11 | C12: =IF(Prepared!C12="","",Prepared!C12) -> WO-1011 | D12: =IF(Prepared!D12="","",Prepared!D12) -> HOLD | E12: =IF(Prepared!E12="","",Prepared!E12) -> 20 | F12: =IF(Prepared!F12="","",Prepared!F12) -> IN-3 | G12: =IF(B12="","FLAG","") | H12: =IF(C12="","",IF(COUNTIF($C$2:$C$21,C12)>1,"FLAG","")) | I12: =IF(D12="","FLAG",IF(OR(D12="READY",D12="HOLD",D12="REVIEW"),"","FLAG")) | J12: =IF(OR(E12="",NOT(ISNUMBER(E12)),E12<1,E12>60),"FLAG","") | K12: =IF(AND(D12="READY",F12=""),"FLAG","") | L12: =IF(COUNTIF(G12:K12,"FLAG")>0,"FLAG","OK") -> OK
A13: =IF(Prepared!A13="","",Prepared!A13) -> R12 | B13: =IF(Prepared!B13="","",Prepared!B13) -> MF-12 | C13: =IF(Prepared!C13="","",Prepared!C13) -> WO-1012 | D13: =IF(Prepared!D13="","",Prepared!D13) -> READY | E13: =IF(Prepared!E13="","",Prepared!E13) -> 21 | F13: =IF(Prepared!F13="","",Prepared!F13) | G13: =IF(B13="","FLAG","") | H13: =IF(C13="","",IF(COUNTIF($C$2:$C$21,C13)>1,"FLAG","")) | I13: =IF(D13="","FLAG",IF(OR(D13="READY",D13="HOLD",D13="REVIEW"),"","FLAG")) | J13: =IF(OR(E13="",NOT(ISNUMBER(E13)),E13<1,E13>60),"FLAG","") | K13: =IF(AND(D13="READY",F13=""),"FLAG","") -> FLAG | L13: =IF(COUNTIF(G13:K13,"FLAG")>0,"FLAG","OK") -> FLAG
... A21: =IF(Prepared!A21="","",Prepared!A21) -> R20 | B21: =IF(Prepared!B21="","",Prepared!B21) -> MF-20 | C21: =IF(Prepared!C21="","",Prepared!C21) -> WO-1020 | D21: =IF(Prepared!D21="","",Prepared!D21) -> HOLD | E21: =IF(Prepared!E21="","",Prepared!E21) | F21: =IF(Prepared!F21="","",Prepared!F21) -> IN-4 | G21: =IF(B21="","FLAG","") | H21: =IF(C21="","",IF(COUNTIF($C$2:$C$21,C21)>1,"FLAG","")) | I21: =IF(D21="","FLAG",IF(OR(D21="READY",D21="HOLD",D21="REVIEW"),"","FLAG")) | J21: =IF(OR(E21="",NOT(ISNUMBER(E21)),E21<1,E21>60),"FLAG","") -> FLAG | K21: =IF(AND(D21="READY",F21=""),"FLAG","") | L21: =IF(COUNTIF(G21:K21,"FLAG")>0,"FLAG","OK") -> FLAG
